data_code,thema_name,stock_code,stock_name,stock_current_print
360,REITs,A088260,이리츠코크렙,5290
360,REITs,A140910,에이리츠,7490
360,REITs,A145270,케이탑리츠,778
360,REITs,A204210,모두투어리츠,2980
360,REITs,A293940,신한알파리츠,6870
360,REITs,A330590,롯데리츠,5180
360,REITs,A334890,이지스밸류리츠,4570
360,REITs,A338100,NH프라임리츠,4285
360,REITs,A348950,제이알글로벌리츠,4990
360,REITs,A350520,이지스레지던스리츠,4705
360,REITs,A357120,코람코에너지리츠,4735
360,REITs,A357250,미래에셋맵스리츠,4760
359,지뢰탐지,A010820,퍼스텍,2065
359,지뢰탐지,A056080,유진로봇,2040
359,지뢰탐지,A065950,웰크론,6430
359,지뢰탐지,A099440,스맥,1885
359,지뢰탐지,A141070,맥스로텍,2825
359,지뢰탐지,A214680,디알텍,1495
358,5G,A010170,대한광통신,3815
358,5G,A032500,케이엠더블유,78600
358,5G,A039560,다산네트웍스,12400
358,5G,A050890,쏠리드,11300
358,5G,A073490,이노와이어리스,60600
358,5G,A073540,에프알텍,6390
358,5G,A095270,웨이브일렉트로,8680
358,5G,A264450,유비쿼스,36200
357,애플 - 아이폰6,A011070,LG이노텍,155000
357,애플 - 아이폰6,A034220,LG디스플레이,15350
357,애플 - 아이폰6,A041520,이라이콤,11000
357,애플 - 아이폰6,A051370,인터플렉스,11600
356,바이오가스,A025750,한솔홈데코,1425
356,바이오가스,A035890,서희건설,1145
356,바이오가스,A038870,에코바이오,8600
356,바이오가스,A102260,동성코퍼레이션,4085
356,바이오가스,A119850,지엔씨에너지,6190
355,미세먼지,A000250,삼천당제약,55000
355,미세먼지,A009440,KC그린홀딩스,3720
355,미세먼지,A021240,코웨이,79300
355,미세먼지,A044340,위닉스,19550
355,미세먼지,A045060,오공,4655
355,미세먼지,A045520,크린앤사이언스,33150
355,미세먼지,A065950,웰크론,6430
355,미세먼지,A080470,성창오토텍,8840
355,미세먼지,A083550,케이엠,13650
355,미세먼지,A103590,일진전기,2900
355,미세먼지,A131030,디에이치피코리아,7850
354,3D 프린팅,A039310,세중,2620
354,3D 프린팅,A048770,TPC,4060
354,3D 프린팅,A066310,큐에스아이,16600
354,3D 프린팅,A090360,로보스타,13000
354,3D 프린팅,A099440,스맥,1885
354,3D 프린팅,A126700,하이비젼시스템,12500
353,스마트카 - 전장화,A039290,인포뱅크,9380
353,스마트카 - 전장화,A064480,브리지텍,3525
353,스마트카 - 전장화,A086960,한컴MDS,11700
353,스마트카 - 전장화,A089850,유비벨록스,8900
352,분자 진단,A038290,마크로젠,30650
352,분자 진단,A041830,인바디,15900
352,분자 진단,A064550,바이오니아,26500
352,분자 진단,A066700,테라젠이텍스,11250
352,분자 진단,A096530,씨젠,260400
352,분자 진단,A127120,디엔에이링크,22000
351,지문 인식,A060250,NHN한국사이버결제,68500
351,지문 인식,A094840,슈프리마에이치큐,6590
350,홍체 인식,A047310,파워로직스,6950
350,홍체 인식,A111870,삼본전자,1545
349,음성 인식,A033560,블루콤,7500
349,음성 인식,A064480,브리지텍,3525
349,음성 인식,A096610,알에프세미,5150
349,음성 인식,A108860,셀바스AI,2750
348,동작 인식,A025320,시노펙스,4790
348,동작 인식,A066310,큐에스아이,16600
348,동작 인식,A080520,오디텍,4675
348,동작 인식,A091700,파트론,10150
347,비트코인,A033320,제이씨현시스템,7800
347,비트코인,A038530,골드퍼시픽,1500
347,비트코인,A046440,KG모빌리언스,9530
347,비트코인,A093520,매커스,4570
346,사물인터넷,A038620,위즈코프,1030
346,사물인터넷,A069410,엔텔스,8450
346,사물인터넷,A078070,유비쿼스홀딩스,28900
346,사물인터넷,A086960,한컴MDS,11700
345,빅 데이터,A012510,더존비즈온,104500
345,빅 데이터,A022100,포스코 ICT,6940
345,빅 데이터,A032500,케이엠더블유,78600
345,빅 데이터,A034730,SK,198500
345,빅 데이터,A035720,카카오,364500
345,빅 데이터,A050890,쏠리드,11300
344,Flexible 디스플레이,A030530,원익홀딩스,4310
344,Flexible 디스플레이,A054620,APS홀딩스,8590
344,Flexible 디스플레이,A059100,아이컴포넌트,4600
344,Flexible 디스플레이,A080000,에스엔유,4160
344,Flexible 디스플레이,A123100,,0
344,Flexible 디스플레이,A141000,비아트론,9270
344,Flexible 디스플레이,A159910,스킨앤스킨,263
332,스마트기기 부품,A,,0
332,스마트기기 부품,A005930,삼성전자,58200
332,스마트기기 부품,A006400,삼성SDI,433500
332,스마트기기 부품,A020760,일진디스플,3660
332,스마트기기 부품,A025320,시노펙스,4790
332,스마트기기 부품,A033240,자화전자,13600
332,스마트기기 부품,A041520,이라이콤,11000
332,스마트기기 부품,A043590,크로바하이텍,1490
332,스마트기기 부품,A045970,코아시아,8830
332,스마트기기 부품,A047310,파워로직스,6950
332,스마트기기 부품,A049070,인탑스,17000
332,스마트기기 부품,A049520,유아이엘,3770
332,스마트기기 부품,A049630,재영솔루텍,732
332,스마트기기 부품,A051370,인터플렉스,11600
332,스마트기기 부품,A052710,아모텍,31200
332,스마트기기 부품,A053450,세코닉스,5370
332,스마트기기 부품,A054340,,0
332,스마트기기 부품,A060720,KH바텍,20050
332,스마트기기 부품,A064520,바른전자,1005
332,스마트기기 부품,A077360,덕산하이메탈,7260
332,스마트기기 부품,A079960,동양이엔피,17100
332,스마트기기 부품,A080420,모다이노칩,3440
332,스마트기기 부품,A085660,차바이오텍,19050
332,스마트기기 부품,A091700,파트론,10150
332,스마트기기 부품,A094190,,0
332,스마트기기 부품,A096640,멜파스,1155
332,스마트기기 부품,A097780,에스맥,1770
332,스마트기기 부품,A106080,하이소닉,3330
332,스마트기기 부품,A108320,실리콘웍스,44950
334,컨텐츠,A035900,JYP Ent.,38250
334,컨텐츠,A036030,KTH,5140
334,컨텐츠,A036260,이매진아시아,2220
334,컨텐츠,A036420,제이콘텐트리,25550
334,컨텐츠,A036570,엔씨소프트,806000
334,컨텐츠,A040300,YTN,3350
334,컨텐츠,A041510,에스엠,35800
334,컨텐츠,A043610,지니뮤직,4700
334,컨텐츠,A046140,SBS콘텐츠허브,6250
334,컨텐츠,A048910,대원미디어,6820
334,컨텐츠,A052220,iMBC,2645
334,컨텐츠,A053110,소리바다,339
334,컨텐츠,A063080,게임빌,35100
334,컨텐츠,A078340,컴투스,114600
334,컨텐츠,A095660,네오위즈,25700
334,컨텐츠,A104200,NHN벅스,4625
334,컨텐츠,A122870,와이지엔터테인먼트,58000
343,고배당주(중간 배당),A002380,KCC,146000
343,고배당주(중간 배당),A002390,한독,31900
343,고배당주(중간 배당),A002960,한국쉘석유,236000
343,고배당주(중간 배당),A010950,S-Oil,51600
343,고배당주(중간 배당),A014190,원익큐브,1590
343,고배당주(중간 배당),A017670,SK텔레콤,238000
343,고배당주(중간 배당),A019680,대교,3900
343,고배당주(중간 배당),A039130,하나투어,39200
343,고배당주(중간 배당),A049070,인탑스,17000
343,고배당주(중간 배당),A067080,대화제약,15200
343,고배당주(중간 배당),A086790,하나금융지주,28100
343,고배당주(중간 배당),A086960,한컴MDS,11700
343,고배당주(중간 배당),A092230,KPX홀딩스,44000
342,환율 위안/달러 하락(위안강세),A001800,오리온홀딩스,12150
342,환율 위안/달러 하락(위안강세),A003490,대한항공,18850
342,환율 위안/달러 하락(위안강세),A004020,현대제철,24600
342,환율 위안/달러 하락(위안강세),A005380,현대차,178500
342,환율 위안/달러 하락(위안강세),A005490,POSCO,196000
342,환율 위안/달러 하락(위안강세),A005930,삼성전자,58200
342,환율 위안/달러 하락(위안강세),A009150,삼성전기,139000
342,환율 위안/달러 하락(위안강세),A009540,한국조선해양,82700
342,환율 위안/달러 하락(위안강세),A010620,현대미포조선,29700
342,환율 위안/달러 하락(위안강세),A011170,롯데케미칼,196500
342,환율 위안/달러 하락(위안강세),A020560,아시아나항공,3920
342,환율 위안/달러 하락(위안강세),A023530,롯데쇼핑,78500
342,환율 위안/달러 하락(위안강세),A034220,LG디스플레이,15350
342,환율 위안/달러 하락(위안강세),A034230,파라다이스,13750
342,환율 위안/달러 하락(위안강세),A035760,CJ ENM,142300
342,환율 위안/달러 하락(위안강세),A039130,하나투어,39200
342,환율 위안/달러 하락(위안강세),A042670,두산인프라코어,8770
342,환율 위안/달러 하락(위안강세),A080160,모두투어,12450
342,환율 위안/달러 하락(위안강세),A095660,네오위즈,25700
342,환율 위안/달러 하락(위안강세),A112040,위메이드,37300
342,환율 위안/달러 하락(위안강세),A114090,GKL,12400
341,환율 달러/유로 상승(유로강세),A000270,기아차,46900
341,환율 달러/유로 상승(유로강세),A000660,SK하이닉스,84000
341,환율 달러/유로 상승(유로강세),A002020,코오롱,21000
341,환율 달러/유로 상승(유로강세),A002350,넥센타이어,5350
341,환율 달러/유로 상승(유로강세),A004130,,0
341,환율 달러/유로 상승(유로강세),A005380,현대차,178500
341,환율 달러/유로 상승(유로강세),A005680,삼영전자,8040
341,환율 달러/유로 상승(유로강세),A005930,삼성전자,58200
341,환율 달러/유로 상승(유로강세),A005950,이수화학,8670
341,환율 달러/유로 상승(유로강세),A006040,동원산업,209000
341,환율 달러/유로 상승(유로강세),A006380,카프로,2495
341,환율 달러/유로 상승(유로강세),A006570,대림통상,4145
341,환율 달러/유로 상승(유로강세),A007690,국도화학,44300
341,환율 달러/유로 상승(유로강세),A007980,태평양물산,1700
341,환율 달러/유로 상승(유로강세),A008060,대덕,6160
341,환율 달러/유로 상승(유로강세),A009150,삼성전기,139000
341,환율 달러/유로 상승(유로강세),A009270,신원,1435
341,환율 달러/유로 상승(유로강세),A009540,한국조선해양,82700
341,환율 달러/유로 상승(유로강세),A011790,SKC,83000
341,환율 달러/유로 상승(유로강세),A066570,LG전자,91700
341,환율 달러/유로 상승(유로강세),A097230,한진중공업,8380
341,환율 달러/유로 상승(유로강세),A111770,영원무역,27700
341,환율 달러/유로 상승(유로강세),A161000,애경유화,6940
341,환율 달러/유로 상승(유로강세),A161390,한국타이어앤테크놀로지,31500
340,금리 하락 수혜주,A005940,NH투자증권,9140
340,금리 하락 수혜주,A006800,미래에셋대우,8480
340,금리 하락 수혜주,A016360,삼성증권,30600
340,금리 하락 수혜주,A039490,키움증권,99500
340,금리 하락 수혜주,A071050,한국금융지주,72500
339,금리 상승 수혜주,A000060,메리츠화재,12850
339,금리 상승 수혜주,A000810,삼성화재,182000
339,금리 상승 수혜주,A001450,현대해상,22350
339,금리 상승 수혜주,A005830,DB손해보험,45200
339,금리 상승 수혜주,A024110,기업은행,8010
339,금리 상승 수혜주,A032830,삼성생명,61000
339,금리 상승 수혜주,A055550,신한지주,27600
339,금리 상승 수혜주,A082640,동양생명,3065
339,금리 상승 수혜주,A086790,하나금융지주,28100
339,금리 상승 수혜주,A088350,한화생명,1525
339,금리 상승 수혜주,A105560,KB금융,37550
338,환율 엔/달러 하락(엔강세) 수혜,A000270,기아차,46900
338,환율 엔/달러 하락(엔강세) 수혜,A001120,LG상사,15450
338,환율 엔/달러 하락(엔강세) 수혜,A005380,현대차,178500
338,환율 엔/달러 하락(엔강세) 수혜,A005490,POSCO,196000
338,환율 엔/달러 하락(엔강세) 수혜,A005930,삼성전자,58200
338,환율 엔/달러 하락(엔강세) 수혜,A006400,삼성SDI,433500
338,환율 엔/달러 하락(엔강세) 수혜,A009150,삼성전기,139000
338,환율 엔/달러 하락(엔강세) 수혜,A010950,S-Oil,51600
338,환율 엔/달러 하락(엔강세) 수혜,A011760,현대상사,14400
338,환율 엔/달러 하락(엔강세) 수혜,A012330,현대모비스,230000
338,환율 엔/달러 하락(엔강세) 수혜,A034220,LG디스플레이,15350
338,환율 엔/달러 하락(엔강세) 수혜,A034230,파라다이스,13750
338,환율 엔/달러 하락(엔강세) 수혜,A036490,SK머티리얼즈,227500
338,환율 엔/달러 하락(엔강세) 수혜,A042670,두산인프라코어,8770
338,환율 엔/달러 하락(엔강세) 수혜,A047050,포스코인터내셔널,13400
338,환율 엔/달러 하락(엔강세) 수혜,A114090,GKL,12400
337,환율 원/달러 하락(원강세) 수혜,A001230,동국제강,6340
337,환율 원/달러 하락(원강세) 수혜,A001680,대상,26000
337,환율 원/달러 하락(원강세) 수혜,A001800,오리온홀딩스,12150
337,환율 원/달러 하락(원강세) 수혜,A002270,롯데푸드,299500
337,환율 원/달러 하락(원강세) 수혜,A003490,대한항공,18850
337,환율 원/달러 하락(원강세) 수혜,A004020,현대제철,24600
337,환율 원/달러 하락(원강세) 수혜,A004370,농심,314000
337,환율 원/달러 하락(원강세) 수혜,A004990,롯데지주,28600
337,환율 원/달러 하락(원강세) 수혜,A005180,빙그레,59000
337,환율 원/달러 하락(원강세) 수혜,A005300,롯데칠성,90000
337,환율 원/달러 하락(원강세) 수혜,A005490,POSCO,196000
337,환율 원/달러 하락(원강세) 수혜,A005990,매일홀딩스,7950
337,환율 원/달러 하락(원강세) 수혜,A007310,오뚜기,568000
337,환율 원/달러 하락(원강세) 수혜,A008770,호텔신라,76100
337,환율 원/달러 하락(원강세) 수혜,A010950,S-Oil,51600
337,환율 원/달러 하락(원강세) 수혜,A020560,아시아나항공,3920
337,환율 원/달러 하락(원강세) 수혜,A024110,기업은행,8010
337,환율 원/달러 하락(원강세) 수혜,A039130,하나투어,39200
337,환율 원/달러 하락(원강세) 수혜,A055550,신한지주,27600
337,환율 원/달러 하락(원강세) 수혜,A078930,GS,31000
337,환율 원/달러 하락(원강세) 수혜,A080160,모두투어,12450
337,환율 원/달러 하락(원강세) 수혜,A086790,하나금융지주,28100
337,환율 원/달러 하락(원강세) 수혜,A096770,SK이노베이션,139000
337,환율 원/달러 하락(원강세) 수혜,A097950,CJ제일제당,395000
337,환율 원/달러 하락(원강세) 수혜,A105560,KB금융,37550
337,환율 원/달러 하락(원강세) 수혜,A145990,삼양사,54400
336,환율 원/달러 상승(원약세) 수혜,A000100,유한양행,64200
336,환율 원/달러 상승(원약세) 수혜,A000270,기아차,46900
336,환율 원/달러 상승(원약세) 수혜,A000640,동아쏘시오홀딩스,125000
336,환율 원/달러 상승(원약세) 수혜,A000660,SK하이닉스,84000
336,환율 원/달러 상승(원약세) 수혜,A001430,세아베스틸,9760
336,환율 원/달러 상승(원약세) 수혜,A002350,넥센타이어,5350
336,환율 원/달러 상승(원약세) 수혜,A004970,신라교역,9550
336,환율 원/달러 상승(원약세) 수혜,A005380,현대차,178500
336,환율 원/달러 상승(원약세) 수혜,A005930,삼성전자,58200
336,환율 원/달러 상승(원약세) 수혜,A006040,동원산업,209000
336,환율 원/달러 상승(원약세) 수혜,A006380,카프로,2495
336,환율 원/달러 상승(원약세) 수혜,A006400,삼성SDI,433500
336,환율 원/달러 상승(원약세) 수혜,A007690,국도화학,44300
336,환율 원/달러 상승(원약세) 수혜,A009150,삼성전기,139000
336,환율 원/달러 상승(원약세) 수혜,A009540,한국조선해양,82700
336,환율 원/달러 상승(원약세) 수혜,A010060,OCI,57000
336,환율 원/달러 상승(원약세) 수혜,A010130,고려아연,376500
336,환율 원/달러 상승(원약세) 수혜,A010140,삼성중공업,5330
336,환율 원/달러 상승(원약세) 수혜,A010620,현대미포조선,29700
336,환율 원/달러 상승(원약세) 수혜,A011070,LG이노텍,155000
336,환율 원/달러 상승(원약세) 수혜,A011170,롯데케미칼,196500
336,환율 원/달러 상승(원약세) 수혜,A028670,팬오션,3420
336,환율 원/달러 상승(원약세) 수혜,A042660,대우조선해양,23800
336,환율 원/달러 상승(원약세) 수혜,A051370,인터플렉스,11600
336,환율 원/달러 상승(원약세) 수혜,A051910,LG화학,654000
336,환율 원/달러 상승(원약세) 수혜,A066570,LG전자,91700
336,환율 원/달러 상승(원약세) 수혜,A086280,현대글로비스,144000
336,환율 원/달러 상승(원약세) 수혜,A103140,풍산,23800
336,환율 원/달러 상승(원약세) 수혜,A105630,한세실업,18000
336,환율 원/달러 상승(원약세) 수혜,A111770,영원무역,27700
336,환율 원/달러 상승(원약세) 수혜,A128940,한미약품,273500
336,환율 원/달러 상승(원약세) 수혜,A161390,한국타이어앤테크놀로지,31500
335,전자책,A014820,동원시스템즈,23400
335,전자책,A020120,키다리스튜디오,9650
335,전자책,A020710,시공테크,4800
335,전자책,A030520,한글과컴퓨터,18900
335,전자책,A035080,인터파크,2035
335,전자책,A036000,예림당,2525
335,전자책,A049550,잉크테크,3155
335,전자책,A053280,예스24,15350
335,전자책,A056000,네스엠,2230
335,전자책,A059100,아이컴포넌트,4600
335,전자책,A060570,드림어스컴퍼니,5140
335,전자책,A095720,웅진씽크빅,2640
335,전자책,A108860,셀바스AI,2750
333,원자재,A,,0
333,원자재,A000910,유니온,7730
333,원자재,A001780,알루코,3895
333,원자재,A003010,혜인,5010
333,원자재,A003580,넥스트사이언스,6580
333,원자재,A004560,현대비앤지스틸,7380
333,원자재,A006260,LS,52500
333,원자재,A008350,남선알미늄,5270
333,원자재,A009190,대양금속,3560
333,원자재,A009520,포스코엠텍,4660
333,원자재,A009730,코센,905
333,원자재,A010130,고려아연,376500
333,원자재,A012800,대창,1085
333,원자재,A018470,조일알미늄,638
333,원자재,A022220,정산애강,1825
333,원자재,A025820,이구산업,1550
333,원자재,A032560,황금에스티,6990
333,원자재,A032980,바이온,1470
333,원자재,A033160,엠케이전자,10250
333,원자재,A037950,엘컴텍,1570
333,원자재,A060150,인선이엔티,9130
333,원자재,A103140,풍산,23800
331,반도체 시스템반도체,A033170,시그네틱스,703
331,반도체 시스템반도체,A038880,아이에이,526
331,반도체 시스템반도체,A052860,아이앤씨,4775
331,반도체 시스템반도체,A054450,텔레칩스,14250
331,반도체 시스템반도체,A062860,티엘아이,7260
331,반도체 시스템반도체,A080220,제주반도체,3530
331,반도체 시스템반도체,A092600,앤씨앤,4335
331,반도체 시스템반도체,A108320,실리콘웍스,44950
329,바이오 디젤,A006120,SK디스커버리,63900
329,바이오 디젤,A006840,AK홀딩스,17550
329,바이오 디젤,A014830,유니드,44650
329,바이오 디젤,A023150,MH에탄올,7550
329,바이오 디젤,A043910,자연과환경,1440
326,"모바일 SW - OS, 임베디드 등",A041020,인프라웨어,1770
326,"모바일 SW - OS, 임베디드 등",A096040,이트론,263
326,"모바일 SW - OS, 임베디드 등",A115450,지트리비앤티,26700
322,모바일 게임,A063080,게임빌,35100
322,모바일 게임,A078340,컴투스,114600
322,모바일 게임,A112040,위메이드,37300
317,수소연료 전지차,A012340,뉴인텍,2800
317,수소연료 전지차,A033290,코웰패션,6150
317,수소연료 전지차,A072470,우리산업홀딩스,5640
317,수소연료 전지차,A095190,이엠코리아,5690
316,무선 충전,A006260,LS,52500
316,무선 충전,A061040,알에프텍,11200
316,무선 충전,A089010,켐트로닉스,16050
313,ESS - 에너지저장시스템,A009470,삼화전기,18400
313,ESS - 에너지저장시스템,A022100,포스코 ICT,6940
313,ESS - 에너지저장시스템,A089980,상아프론테크,42100
313,ESS - 에너지저장시스템,A131390,피앤이솔루션,20950
313,ESS - 에너지저장시스템,A137400,피엔티,24050
314,요트 마리나,A028300,에이치엘비,103700
314,요트 마리나,A065570,삼영이엔씨,7550
314,요트 마리나,A066980,브레인콘텐츠,510
314,요트 마리나,A099220,SDN,3150
309,전자주민증,A010820,퍼스텍,2065
309,전자주민증,A045660,에이텍,33100
309,전자주민증,A052400,코나아이,13050
309,전자주민증,A064520,바른전자,1005
309,전자주민증,A065440,이루온,1400
309,전자주민증,A094840,슈프리마에이치큐,6590
307,SSD,A036540,SFA반도체,5090
307,SSD,A064520,바른전자,1005
307,SSD,A067310,하나마이크론,8700
307,SSD,A073570,WI,1450
307,SSD,A081580,성우전자,2750
302,바이오베터,A006280,녹십자,221500
302,바이오베터,A009420,한올바이오파마,34000
302,바이오베터,A128940,한미약품,273500
301,바이오 진단장비,A038290,마크로젠,30650
301,바이오 진단장비,A039860,나노엔텍,11250
301,바이오 진단장비,A041830,인바디,15900
301,바이오 진단장비,A043150,바텍,21950
301,바이오 진단장비,A046210,파나진,4875
301,바이오 진단장비,A052260,SK바이오랜드,24400
301,바이오 진단장비,A064550,바이오니아,26500
301,바이오 진단장비,A071200,인피니트헬스케어,6570
301,바이오 진단장비,A096530,씨젠,260400
301,바이오 진단장비,A100700,세운메디칼,3605
295,블랙 박스,A023810,인팩,4800
295,블랙 박스,A038950,파인디지털,5880
295,블랙 박스,A084730,팅크웨어,9950
294,플랜트 기자재,A036560,영풍정밀,7750
294,플랜트 기자재,A083650,비에이치아이,2175
294,플랜트 기자재,A100840,S&TC,15100
294,플랜트 기자재,A126880,제이엔케이히터,7980
291,평창 동계올림픽 수혜주,A003230,삼양식품,99500
291,평창 동계올림픽 수혜주,A003410,쌍용양회,5870
291,평창 동계올림픽 수혜주,A010280,쌍용정보통신,1245
291,평창 동계올림픽 수혜주,A011420,갤럭시아에스엠,1405
291,평창 동계올림픽 수혜주,A035250,강원랜드,21500
291,평창 동계올림픽 수혜주,A037440,희림,3690
289,바이오폴리머,A004000,롯데정밀화학,49650
289,바이오폴리머,A011790,SKC,83000
288,근거리무선통신(NFC),A052400,코나아이,13050
288,근거리무선통신(NFC),A079190,EMW,2780
288,근거리무선통신(NFC),A089850,유비벨록스,8900
288,근거리무선통신(NFC),A091700,파트론,10150
286,나노 - 탄소나노튜브(CNT),A000300,대유플러스,811
286,나노 - 탄소나노튜브(CNT),A001210,금호전기,4820
286,나노 - 탄소나노튜브(CNT),A009830,한화솔루션,38450
286,나노 - 탄소나노튜브(CNT),A027580,상보,1325
286,나노 - 탄소나노튜브(CNT),A054940,엑사이엔씨,1430
286,나노 - 탄소나노튜브(CNT),A064760,티씨케이,95100
286,나노 - 탄소나노튜브(CNT),A065130,탑엔지니어링,9600
285,나노 - 필름,A049550,잉크테크,3155
285,나노 - 필름,A056700,신화인터텍,2595
285,나노 - 필름,A078600,대주전자재료,44600
285,나노 - 필름,A091970,나노캠텍,2010
285,나노 - 필름,A095500,미래나노텍,2680
285,나노 - 필름,A101490,에스앤에스텍,38800
282,소셜커머스,A035080,인터파크,2035
282,소셜커머스,A035720,카카오,364500
282,소셜커머스,A046440,KG모빌리언스,9530
282,소셜커머스,A053800,안랩,65900
282,소셜커머스,A095720,웅진씽크빅,2640
280,AI - 조류인플루엔저,A011000,진원생명과학,29650
280,AI - 조류인플루엔저,A043200,파루,2750
280,AI - 조류인플루엔저,A044960,이글벳,8560
280,AI - 조류인플루엔저,A052670,제일바이오,7650
280,AI - 조류인플루엔저,A054670,대한뉴팜,11900
280,AI - 조류인플루엔저,A060590,씨티씨바이오,7850
280,AI - 조류인플루엔저,A072020,중앙백신,17850
279,조선기자재,A013030,하이록코리아,11900
279,조선기자재,A014620,성광벤드,6360
279,조선기자재,A014940,오리엔탈정공,2260
279,조선기자재,A017960,한국카본,9540
279,조선기자재,A023160,태광,6350
279,조선기자재,A033500,동성화인텍,9880
279,조선기자재,A044060,조광ILI,6240
279,조선기자재,A044490,태웅,13600
279,조선기자재,A053660,현진소재,400
279,조선기자재,A054540,삼영엠텍,5440
279,조선기자재,A065570,삼영이엔씨,7550
279,조선기자재,A071970,STX중공업,4040
279,조선기자재,A077970,STX엔진,6010
279,조선기자재,A086670,비엠티,8640
279,조선기자재,A089230,THE E&M,618
279,조선기자재,A092460,한라IMS,5570
279,조선기자재,A096350,대창솔루션,365
279,조선기자재,A099410,동방선기,3000
279,조선기자재,A102210,해덕파워웨이,1100
279,조선기자재,A103230,에스앤더블류,1855
277,그래핀,A005290,동진쎄미켐,29650
277,그래핀,A005930,삼성전자,58200
277,그래핀,A006490,인스코비,2545
277,그래핀,A012450,한화에어로스페이스,25400
277,그래핀,A059100,아이컴포넌트,4600
278,해저터널,A007460,에이프로젠 KIC,1830
278,해저터널,A025550,한국선재,3020
278,해저터널,A026150,특수건설,6170
278,해저터널,A028100,동아지질,14600
278,해저터널,A060370,KT서브마린,5030
274,프린터부품,A004000,롯데정밀화학,49650
274,프린터부품,A028040,미래SCI,279
274,프린터부품,A032790,엠젠플러스,4075
274,프린터부품,A033240,자화전자,13600
274,프린터부품,A043260,성호전자,905
274,프린터부품,A049550,잉크테크,3155
274,프린터부품,A065690,파커스,2680
274,프린터부품,A066110,한프,480
274,프린터부품,A066310,큐에스아이,16600
275,SI(시스템통합),A010280,쌍용정보통신,1245
275,SI(시스템통합),A022100,포스코 ICT,6940
275,SI(시스템통합),A026180,,0
275,SI(시스템통합),A038620,위즈코프,1030
273,금융자동화기기,A012600,센트럴인사이트,7000
273,금융자동화기기,A025770,한국정보통신,8620
273,금융자동화기기,A036800,나이스정보통신,24650
273,금융자동화기기,A052600,한네트,3980
273,금융자동화기기,A063570,한국전자금융,5790
273,금융자동화기기,A094940,푸른기술,14850
272,산업폐기물,A000910,유니온,7730
272,산업폐기물,A006260,LS,52500
272,산업폐기물,A022220,정산애강,1825
272,산업폐기물,A029960,코엔텍,8620
272,산업폐기물,A060150,인선이엔티,9130
272,산업폐기물,A067900,와이엔텍,12350
271,전자결제,A034730,SK,198500
271,전자결제,A035600,KG이니시스,20400
271,전자결제,A046440,KG모빌리언스,9530
271,전자결제,A060250,NHN한국사이버결제,68500
271,전자결제,A064260,다날,4950
254,탄소배출권,A008250,이건산업,7920
254,탄소배출권,A025750,한솔홈데코,1425
254,탄소배출권,A069260,휴켐스,20600
254,탄소배출권,A086520,에코프로,44850
254,탄소배출권,A093370,후성,9400
254,탄소배출권,A119650,KC코트렐,6120
264,태양전지 - 박막형,A036930,주성엔지니어링,6960
264,태양전지 - 박막형,A104700,한국철강,4695
264,태양전지 - 박막형,A121600,나노신소재,34400
264,태양전지 - 박막형,A123100,,0
260,클라우드컴퓨팅,A012510,더존비즈온,104500
260,클라우드컴퓨팅,A023590,다우기술,21450
260,클라우드컴퓨팅,A034730,SK,198500
260,클라우드컴퓨팅,A036030,KTH,5140
260,클라우드컴퓨팅,A053800,안랩,65900
260,클라우드컴퓨팅,A064800,젬백스링크,1275
260,클라우드컴퓨팅,A067160,아프리카TV,58700
260,클라우드컴퓨팅,A093320,케이아이엔엑스,87800
260,클라우드컴퓨팅,A100030,모바일리더,16100
267,태양전지 - 모듈/인버터,A010120,LS ELECTRIC,56500
267,태양전지 - 모듈/인버터,A095910,에스에너지,7640
263,태양광 - 잉곳/웨이퍼,A052420,오성첨단소재,2450
263,태양광 - 잉곳/웨이퍼,A057500,SKC 솔믹스,5540
263,태양광 - 잉곳/웨이퍼,A067310,하나마이크론,8700
263,태양광 - 잉곳/웨이퍼,A103130,,0
269,태양광 -  장비/부품,A011790,SKC,83000
269,태양광 -  장비/부품,A036930,주성엔지니어링,6960
269,태양광 -  장비/부품,A039030,이오테크닉스,99100
269,태양광 -  장비/부품,A049550,잉크테크,3155
269,태양광 -  장비/부품,A050760,에스폴리텍,7260
269,태양광 -  장비/부품,A054620,APS홀딩스,8590
269,태양광 -  장비/부품,A056190,에스에프에이,38200
269,태양광 -  장비/부품,A064760,티씨케이,95100
269,태양광 -  장비/부품,A065450,빅텍,7160
269,태양광 -  장비/부품,A068790,DMS,9330
269,태양광 -  장비/부품,A078600,대주전자재료,44600
269,태양광 -  장비/부품,A083930,아바코,8650
269,태양광 -  장비/부품,A095610,테스,25700
269,태양광 -  장비/부품,A108230,톱텍,16200
262,태양광 - 폴리실리콘,A002380,KCC,146000
262,태양광 - 폴리실리콘,A009830,한화솔루션,38450
262,태양광 - 폴리실리콘,A010060,OCI,57000
262,태양광 - 폴리실리콘,A016880,웅진,1085
262,태양광 - 폴리실리콘,A051910,LG화학,654000
262,태양광 - 폴리실리콘,A052420,오성첨단소재,2450
257,철도,A001780,알루코,3895
257,철도,A011370,서한,1165
257,철도,A013030,하이록코리아,11900
257,철도,A017480,삼현철강,3725
257,철도,A017510,세명전기,3975
257,철도,A026150,특수건설,6170
257,철도,A028100,동아지질,14600
257,철도,A032790,엠젠플러스,4075
257,철도,A039980,리노스,1125
257,철도,A045390,대아티아이,7020
257,철도,A054220,비츠로시스,3875
257,철도,A069460,대호에이엘,2055
256,지진,A018000,유니슨,5160
256,지진,A054540,삼영엠텍,5440
256,지진,A060370,KT서브마린,5030
255,로봇,A009540,한국조선해양,82700
255,로봇,A010820,퍼스텍,2065
255,로봇,A012450,한화에어로스페이스,25400
255,로봇,A032820,우리기술,1485
255,로봇,A033110,코너스톤네트웍스,204
255,로봇,A043710,서울리거,987
255,로봇,A054630,에이디칩스,820
255,로봇,A056080,유진로봇,2040
255,로봇,A060280,큐렉소,6180
255,로봇,A090710,휴림로봇,756
253,전자상거래,A009180,한솔로지스틱스,1935
253,전자상거래,A028150,GS홈쇼핑,128800
253,전자상거래,A035080,인터파크,2035
253,전자상거래,A035760,CJ ENM,142300
253,전자상거래,A053280,예스24,15350
253,전자상거래,A069920,아이에스이커머스,3845
253,전자상거래,A080010,이상네트웍스,6060
253,전자상거래,A092130,이크레더블,23450
253,전자상거래,A111820,지와이커머스,2465
253,전자상거래,A122900,아이마켓코리아,8020
245,PCB,A004130,,0
245,PCB,A007660,이수페타시스,4505
245,PCB,A007810,코리아써키트,13800
245,PCB,A008060,대덕,6160
245,PCB,A009150,삼성전기,139000
245,PCB,A011070,LG이노텍,155000
245,PCB,A051370,인터플렉스,11600
245,PCB,A066900,디에이피,3910
245,PCB,A088390,이녹스,8090
244,터치스크린,A020760,일진디스플,3660
244,터치스크린,A025320,시노펙스,4790
244,터치스크린,A051360,토비스,6470
244,터치스크린,A094190,,0
244,터치스크린,A096640,멜파스,1155
244,터치스크린,A097780,에스맥,1770
239,스마트그리드,A001820,삼화콘덴서,54800
239,스마트그리드,A002230,피에스텍,4730
239,스마트그리드,A006260,LS,52500
239,스마트그리드,A006490,인스코비,2545
239,스마트그리드,A010120,LS ELECTRIC,56500
239,스마트그리드,A015760,한국전력,20400
239,스마트그리드,A022100,포스코 ICT,6940
239,스마트그리드,A040160,누리텔레콤,7600
239,스마트그리드,A103590,일진전기,2900
236,스마트 TV(IP TV),A,,0
236,스마트 TV(IP TV),A003560,IHQ,1435
236,스마트 TV(IP TV),A008060,대덕,6160
236,스마트 TV(IP TV),A028080,휴맥스홀딩스,3605
236,스마트 TV(IP TV),A030200,KT,22950
236,스마트 TV(IP TV),A032640,LG유플러스,11500
236,스마트 TV(IP TV),A032750,삼진,9410
236,스마트 TV(IP TV),A033130,디지틀조선,2640
236,스마트 TV(IP TV),A034120,SBS,14550
236,스마트 TV(IP TV),A035720,카카오,364500
236,스마트 TV(IP TV),A036010,아비코전자,5880
236,스마트 TV(IP TV),A036030,KTH,5140
236,스마트 TV(IP TV),A039340,한국경제TV,5300
236,스마트 TV(IP TV),A039560,다산네트웍스,12400
236,스마트 TV(IP TV),A039980,리노스,1125
236,스마트 TV(IP TV),A041510,에스엠,35800
236,스마트 TV(IP TV),A046140,SBS콘텐츠허브,6250
236,스마트 TV(IP TV),A047820,초록뱀,3100
236,스마트 TV(IP TV),A048910,대원미디어,6820
236,스마트 TV(IP TV),A057880,필로시스헬스케어,6960
236,스마트 TV(IP TV),A060300,레드로버,610
236,스마트 TV(IP TV),A064240,홈캐스트,3370
236,스마트 TV(IP TV),A078070,유비쿼스홀딩스,28900
236,스마트 TV(IP TV),A078890,가온미디어,6040
236,스마트 TV(IP TV),A115160,휴맥스,4470
233,애그플레이션,A000490,대동공업,6510
233,애그플레이션,A001390,KG케미칼,20100
233,애그플레이션,A001550,조비,21550
233,애그플레이션,A002100,경농,13450
233,애그플레이션,A002900,동양물산,1380
233,애그플레이션,A006380,카프로,2495
233,애그플레이션,A012030,DB,702
233,애그플레이션,A025860,남해화학,8200
233,애그플레이션,A050860,아세아텍,3715
233,애그플레이션,A053980,오상자이엘,10950
233,애그플레이션,A054050,농우바이오,10300
233,애그플레이션,A097870,효성오앤비,8060
237,스마트카드,A052400,코나아이,13050
237,스마트카드,A065440,이루온,1400
237,스마트카드,A068940,아이씨케이,4800
237,스마트카드,A070300,엑스큐어,4810
237,스마트카드,A089850,유비벨록스,8900
234,신종플루,A000100,유한양행,64200
234,신종플루,A006280,녹십자,221500
234,신종플루,A011000,진원생명과학,29650
234,신종플루,A043200,파루,2750
234,신종플루,A054670,대한뉴팜,11900
234,신종플루,A060590,씨티씨바이오,7850
234,신종플루,A065950,웰크론,6430
234,신종플루,A072020,중앙백신,17850
240,LCD장비,A009310,참엔지니어링,1260
240,LCD장비,A029460,케이씨,23850
240,LCD장비,A036930,주성엔지니어링,6960
240,LCD장비,A056190,에스에프에이,38200
240,LCD장비,A065130,탑엔지니어링,9600
240,LCD장비,A068790,DMS,9330
240,LCD장비,A071280,로체시스템즈,5450
240,LCD장비,A078150,HB테크놀러지,1900
240,LCD장비,A079810,디이엔티,9320
240,LCD장비,A080000,에스엔유,4160
224,원자력발전,A007460,에이프로젠 KIC,1830
224,원자력발전,A014620,성광벤드,6360
224,원자력발전,A019990,에너토크,4350
224,원자력발전,A023160,태광,6350
224,원자력발전,A032820,우리기술,1485
224,원자력발전,A036190,금화피에스시,28500
224,원자력발전,A051600,한전KPS,27050
224,원자력발전,A052690,한전기술,16300
224,원자력발전,A083650,비에이치아이,2175
224,원자력발전,A086670,비엠티,8640
224,원자력발전,A094820,일진파워,5180
224,원자력발전,A099660,,0
224,원자력발전,A105840,우진,3730
238,스마트워크,A023590,다우기술,21450
238,스마트워크,A030520,한글과컴퓨터,18900
238,스마트워크,A033790,스카이문스테크놀로지,829
238,스마트워크,A035460,기산텔레콤,2955
238,스마트워크,A041020,인프라웨어,1770
238,스마트워크,A051390,YW,3600
238,스마트워크,A088800,에이스테크,26300
242,LED 디스플레이,A001210,금호전기,4820
242,LED 디스플레이,A004710,한솔테크닉스,9150
242,LED 디스플레이,A009150,삼성전기,139000
242,LED 디스플레이,A011070,LG이노텍,155000
242,LED 디스플레이,A020760,일진디스플,3660
242,LED 디스플레이,A038060,루멘스,1670
242,LED 디스플레이,A046890,서울반도체,17150
242,LED 디스플레이,A082850,우리바이오,2990
248,핵융합,A001820,삼화콘덴서,54800
248,핵융합,A002240,고려제강,13250
248,핵융합,A042370,비츠로테크,7940
248,핵융합,A056190,에스에프에이,38200
248,핵융합,A068240,다원시스,20800
248,핵융합,A083310,엘오티베큠,17000
248,핵융합,A094820,일진파워,5180
247,홈네트워크,A036690,코맥스,5320
247,홈네트워크,A039010,현대통신,7100
247,홈네트워크,A042940,상지카일룸,1435
246,CCTV,A054800,아이디스홀딩스,13400
246,CCTV,A092600,앤씨앤,4335
243,LED 조명,A001210,금호전기,4820
243,LED 조명,A011070,LG이노텍,155000
243,LED 조명,A038060,루멘스,1670
243,LED 조명,A045890,GV,643
243,LED 조명,A046890,서울반도체,17150
243,LED 조명,A082800,루미마이크로,2310
243,LED 조명,A106240,파인테크닉스,4300
241,LCD소재,A001210,금호전기,4820
241,LCD소재,A004710,한솔테크닉스,9150
241,LCD소재,A043590,크로바하이텍,1490
241,LCD소재,A047310,파워로직스,6950
241,LCD소재,A048870,시너지이노베이션,4130
241,LCD소재,A051370,인터플렉스,11600
241,LCD소재,A051910,LG화학,654000
241,LCD소재,A056700,신화인터텍,2595
241,LCD소재,A059100,아이컴포넌트,4600
241,LCD소재,A071670,에이테크솔루션,9650
241,LCD소재,A077360,덕산하이메탈,7260
241,LCD소재,A082850,우리바이오,2990
241,LCD소재,A094190,,0
241,LCD소재,A095500,미래나노텍,2680
241,LCD소재,A096640,멜파스,1155
241,LCD소재,A097780,에스맥,1770
225,우주항공,A005870,휴니드,5750
225,우주항공,A007660,이수페타시스,4505
225,우주항공,A010820,퍼스텍,2065
225,우주항공,A013030,하이록코리아,11900
225,우주항공,A017960,한국카본,9540
225,우주항공,A042370,비츠로테크,7940
225,우주항공,A045100,한양이엔지,10750
225,우주항공,A054220,비츠로시스,3875
225,우주항공,A054620,APS홀딩스,8590
225,우주항공,A065450,빅텍,7160
225,우주항공,A078350,한양디지텍,5350
225,우주항공,A099320,쎄트렉아이,25050
223,위치기반서비스(LBS),A035720,카카오,364500
223,위치기반서비스(LBS),A036030,KTH,5140
223,위치기반서비스(LBS),A051160,지어소프트,13250
223,위치기반서비스(LBS),A065560,녹원씨엔아이,5450
223,위치기반서비스(LBS),A084730,팅크웨어,9950
223,위치기반서비스(LBS),A091700,파트론,10150
206,전기자동차,A002710,TCC스틸,3500
206,전기자동차,A006400,삼성SDI,433500
206,전기자동차,A014910,성문전자,1915
206,전기자동차,A033100,제룡전기,5330
206,전기자동차,A036490,SK머티리얼즈,227500
206,전기자동차,A036830,솔브레인홀딩스,45650
206,전기자동차,A047310,파워로직스,6950
206,전기자동차,A051910,LG화학,654000
206,전기자동차,A054210,이랜텍,5830
206,전기자동차,A066970,엘앤에프,41350
206,전기자동차,A086520,에코프로,44850
206,전기자동차,A096770,SK이노베이션,139000
216,U-헬스케어 - 의료기기,A038290,마크로젠,30650
216,U-헬스케어 - 의료기기,A039860,나노엔텍,11250
216,U-헬스케어 - 의료기기,A041830,인바디,15900
216,U-헬스케어 - 의료기기,A064550,바이오니아,26500
216,U-헬스케어 - 의료기기,A065510,휴비츠,7110
216,U-헬스케어 - 의료기기,A096530,씨젠,260400
216,U-헬스케어 - 의료기기,A100120,뷰웍스,30100
204,자전거 - 모터/전지,A047310,파워로직스,6950
204,자전거 - 모터/전지,A054210,이랜텍,5830
204,자전거 - 모터/전지,A058610,에스피지,6450
203,자전거 - 제조/도로,A014530,극동유화,3185
203,자전거 - 제조/도로,A024950,삼천리자전거,9570
203,자전거 - 제조/도로,A031860,엔에스엔,1095
203,자전거 - 제조/도로,A065450,빅텍,7160
203,자전거 - 제조/도로,A094850,참좋은여행,5480
203,자전거 - 제조/도로,A123750,알톤스포츠,2945
198,자동차경량화,A015750,성우하이텍,3465
198,자동차경량화,A023000,삼원강재,2410
198,자동차경량화,A038110,에코플라스틱,1590
198,자동차경량화,A069460,대호에이엘,2055
198,자동차경량화,A072470,우리산업홀딩스,5640
198,자동차경량화,A089470,HDC현대EP,5330
198,자동차경량화,A126600,코프라,4090
198,자동차경량화,A138490,코오롱플라스틱,4075
217,U-헬스케어 - 의료정보솔루션,A026180,,0
217,U-헬스케어 - 의료정보솔루션,A032620,유비케어,10500
217,U-헬스케어 - 의료정보솔루션,A032850,비트컴퓨터,10600
217,U-헬스케어 - 의료정보솔루션,A033230,인성정보,3860
217,U-헬스케어 - 의료정보솔루션,A071200,인피니트헬스케어,6570
201,자원개발,A001120,LG상사,15450
201,자원개발,A001740,SK네트웍스,4755
201,자원개발,A011760,현대상사,14400
201,자원개발,A036460,한국가스공사,24650
201,자원개발,A047050,포스코인터내셔널,13400
201,자원개발,A096770,SK이노베이션,139000
211,풍력 - 설치시공,A047040,대우건설,2785
211,풍력 - 설치시공,A095910,에스에너지,7640
196,유비쿼터스,A022100,포스코 ICT,6940
196,유비쿼터스,A038620,위즈코프,1030
196,유비쿼터스,A042940,상지카일룸,1435
196,유비쿼터스,A054920,한컴위드,4740
196,유비쿼터스,A056730,포스링크,1460
205,저출산대책,A003920,남양유업,257500
205,저출산대책,A005990,매일홀딩스,7950
205,저출산대책,A013990,아가방컴퍼니,2680
205,저출산대책,A014100,메디앙스,4195
215,RFID - 칩,A043200,파루,2750
215,RFID - 칩,A052710,아모텍,31200
215,RFID - 칩,A065450,빅텍,7160
215,RFID - 칩,A079190,EMW,2780
214,RFID - 시스템,A010120,LS ELECTRIC,56500
214,RFID - 시스템,A012450,한화에어로스페이스,25400
214,RFID - 시스템,A022100,포스코 ICT,6940
214,RFID - 시스템,A035510,신세계 I&C,134500
214,RFID - 시스템,A038620,위즈코프,1030
214,RFID - 시스템,A040160,누리텔레콤,7600
213,황사,A001540,안국약품,14550
213,황사,A021240,코웨이,79300
213,황사,A043100,솔고바이오,392
213,황사,A044340,위닉스,19550
213,황사,A065510,휴비츠,7110
213,황사,A065950,웰크론,6430
213,황사,A080470,성창오토텍,8840
210,풍력 - 발전시스템,A004800,효성,73000
210,풍력 - 발전시스템,A009540,한국조선해양,82700
210,풍력 - 발전시스템,A010140,삼성중공업,5330
210,풍력 - 발전시스템,A018000,유니슨,5160
210,풍력 - 발전시스템,A034020,두산중공업,13300
210,풍력 - 발전시스템,A042660,대우조선해양,23800
209,풍력 - 부품기자재,A007690,국도화학,44300
209,풍력 - 부품기자재,A013810,스페코,8050
209,풍력 - 부품기자재,A044490,태웅,13600
209,풍력 - 부품기자재,A053660,현진소재,400
209,풍력 - 부품기자재,A077970,STX엔진,6010
209,풍력 - 부품기자재,A089230,THE E&M,618
209,풍력 - 부품기자재,A100130,동국S&C,8320
207,전력설비,A006340,대원전선,998
207,전력설비,A006910,보성파워텍,2000
207,전력설비,A007610,선도전기,2710
207,전력설비,A017040,광명전기,1870
207,전력설비,A024810,이화전기,148
207,전력설비,A033100,제룡전기,5330
207,전력설비,A042370,비츠로테크,7940
207,전력설비,A054220,비츠로시스,3875
200,자동차연비규제강화,A001820,삼화콘덴서,54800
200,자동차연비규제강화,A004490,세방전지,27600
200,자동차연비규제강화,A006400,삼성SDI,433500
200,자동차연비규제강화,A009470,삼화전기,18400
200,자동차연비규제강화,A012340,뉴인텍,2800
200,자동차연비규제강화,A014910,성문전자,1915
200,자동차연비규제강화,A033290,코웰패션,6150
200,자동차연비규제강화,A043260,성호전자,905
200,자동차연비규제강화,A047310,파워로직스,6950
200,자동차연비규제강화,A051910,LG화학,654000
200,자동차연비규제강화,A064960,S&T모티브,50800
200,자동차연비규제강화,A066970,엘앤에프,41350
200,자동차연비규제강화,A091580,상신이디피,12950
199,자동차부품,A005850,에스엘,14150
199,자동차부품,A007860,서연,7740
199,자동차부품,A010690,화신,2840
199,자동차부품,A012330,현대모비스,230000
199,자동차부품,A013520,화승알앤에이,2045
199,자동차부품,A013570,디와이,4150
199,자동차부품,A015750,성우하이텍,3465
199,자동차부품,A018500,동원금속,703
199,자동차부품,A018880,한온시스템,12350
199,자동차부품,A024900,덕양산업,1875
199,자동차부품,A033530,세종공업,9180
199,자동차부품,A038110,에코플라스틱,1590
199,자동차부품,A043370,평화정공,7610
199,자동차부품,A046070,코다코,1330
199,자동차부품,A060980,한라홀딩스,31050
199,자동차부품,A064960,S&T모티브,50800
163,국내상장중국기업,A900040,,0
163,국내상장중국기업,A900070,글로벌에스엠,516
163,국내상장중국기업,A900080,에스앤씨엔진그룹,197
163,국내상장중국기업,A900110,이스트아시아홀딩스,267
163,국내상장중국기업,A900120,씨케이에이치,281
163,국내상장중국기업,A900250,크리스탈신소재,1615
163,국내상장중국기업,A900260,로스웰,332
163,국내상장중국기업,A900270,헝셩그룹,650
163,국내상장중국기업,A900280,골든센츄리,246
163,국내상장중국기업,A900290,GRT,1405
163,국내상장중국기업,A900300,오가닉티코스메틱,724
163,국내상장중국기업,A900310,컬러레이,1685
130,반도체 후공정 장비,A039030,이오테크닉스,99100
130,반도체 후공정 장비,A039230,에이아이비트,181
130,반도체 후공정 장비,A042700,한미반도체,10450
130,반도체 후공정 장비,A073570,WI,1450
130,반도체 후공정 장비,A086390,유니테스트,25350
148,고배당주(12월 결산),A000060,메리츠화재,12850
148,고배당주(12월 결산),A000140,하이트진로홀딩스,16950
148,고배당주(12월 결산),A000320,노루홀딩스,9120
148,고배당주(12월 결산),A000430,대원강업,4085
148,고배당주(12월 결산),A000540,흥국화재,2715
148,고배당주(12월 결산),A000810,삼성화재,182000
148,고배당주(12월 결산),A001130,대한제분,158000
148,고배당주(12월 결산),A001230,동국제강,6340
148,고배당주(12월 결산),A001430,세아베스틸,9760
148,고배당주(12월 결산),A001450,현대해상,22350
148,고배당주(12월 결산),A002380,KCC,146000
148,고배당주(12월 결산),A002960,한국쉘석유,236000
148,고배당주(12월 결산),A003000,부광약품,28450
148,고배당주(12월 결산),A003070,코오롱글로벌,18300
148,고배당주(12월 결산),A003200,일신방직,69700
148,고배당주(12월 결산),A003530,한화투자증권,1735
148,고배당주(12월 결산),A003540,대신증권,12050
148,고배당주(12월 결산),A003690,코리안리,7450
148,고배당주(12월 결산),A005160,동국산업,3330
148,고배당주(12월 결산),A005940,NH투자증권,9140
148,고배당주(12월 결산),A006800,미래에셋대우,8480
148,고배당주(12월 결산),A008730,율촌화학,15550
148,고배당주(12월 결산),A009240,한샘,107000
148,고배당주(12월 결산),A010950,S-Oil,51600
148,고배당주(12월 결산),A012750,에스원,87500
148,고배당주(12월 결산),A014190,원익큐브,1590
148,고배당주(12월 결산),A014680,한솔케미칼,149500
148,고배당주(12월 결산),A016360,삼성증권,30600
148,고배당주(12월 결산),A017670,SK텔레콤,238000
148,고배당주(12월 결산),A018880,한온시스템,12350
148,고배당주(12월 결산),A021240,코웨이,79300
148,고배당주(12월 결산),A024720,한국콜마홀딩스,26800
148,고배당주(12월 결산),A024950,삼천리자전거,9570
148,고배당주(12월 결산),A026890,디피씨,15950
148,고배당주(12월 결산),A029530,신도리코,21700
148,고배당주(12월 결산),A030200,KT,22950
148,고배당주(12월 결산),A032640,LG유플러스,11500
148,고배당주(12월 결산),A032830,삼성생명,61000
148,고배당주(12월 결산),A033780,KT&G,82400
148,고배당주(12월 결산),A033920,무학,6450
148,고배당주(12월 결산),A034230,파라다이스,13750
148,고배당주(12월 결산),A035000,지투알,5050
148,고배당주(12월 결산),A035250,강원랜드,21500
148,고배당주(12월 결산),A044820,코스맥스비티아이,19250
148,고배당주(12월 결산),A051600,한전KPS,27050
148,고배당주(12월 결산),A055550,신한지주,27600
148,고배당주(12월 결산),A057030,YBM넷,9260
148,고배당주(12월 결산),A058470,리노공업,123000
148,고배당주(12월 결산),A067080,대화제약,15200
148,고배당주(12월 결산),A069260,휴켐스,20600
162,교육/온라인 교육,A019680,대교,3900
162,교육/온라인 교육,A035290,더블유에프엠,11750
162,교육/온라인 교육,A057030,YBM넷,9260
162,교육/온라인 교육,A067280,멀티캠퍼스,28650
162,교육/온라인 교육,A068290,삼성출판사,18900
162,교육/온라인 교육,A072870,메가스터디,10600
162,교육/온라인 교육,A095720,웅진씽크빅,2640
162,교육/온라인 교육,A096240,청담러닝,22100
141,송유관/가스관,A000970,한국주철관,8360
141,송유관/가스관,A003030,세아제강지주,41900
141,송유관/가스관,A008970,동양철관,1065
141,송유관/가스관,A009730,코센,905
141,송유관/가스관,A071090,하이스틸,16350
141,송유관/가스관,A085310,엔케이,1055
145,고배당주(3월 결산),A001270,부국증권,20400
145,고배당주(3월 결산),A001720,신영증권,46800
145,고배당주(3월 결산),A003460,유화증권,2230
145,고배당주(3월 결산),A092440,기신정기,3685
153,3D 부품,A056700,신화인터텍,2595
153,3D 부품,A060300,레드로버,610
153,3D 부품,A062860,티엘아이,7260
153,3D 부품,A073110,엘엠에스,11450
153,3D 부품,A123860,아나패스,25050
190,바이오 신약,A006120,SK디스커버리,63900
190,바이오 신약,A006280,녹십자,221500
190,바이오 신약,A009420,한올바이오파마,34000
190,바이오 신약,A039200,오스코텍,46000
190,바이오 신약,A058530,슈펙스비앤피,162
190,바이오 신약,A068270,셀트리온,257500
190,바이오 신약,A083790,크리스탈지노믹스,18000
190,바이오 신약,A086890,이수앱지스,7550
190,바이오 신약,A127120,디엔에이링크,22000
190,바이오 신약,A128940,한미약품,273500
182,수처리 부품/시스템,A017040,광명전기,1870
182,수처리 부품/시스템,A021240,코웨이,79300
182,수처리 부품/시스템,A102940,코오롱생명과학,31700
177,매연저감장치,A,,0
177,매연저감장치,A009470,삼화전기,18400
177,매연저감장치,A103590,일진전기,2900
170,나노 바이오,A038070,서린바이오,12100
170,나노 바이오,A039860,나노엔텍,11250
170,나노 바이오,A064550,바이오니아,26500
132,반도체패키징,A033170,시그네틱스,703
132,반도체패키징,A033640,네패스,31400
132,반도체패키징,A036540,SFA반도체,5090
132,반도체패키징,A043590,크로바하이텍,1490
132,반도체패키징,A064520,바른전자,1005
132,반도체패키징,A067310,하나마이크론,8700
136,정보보안,A047560,이스트소프트,7980
136,정보보안,A053350,이니텍,4305
136,정보보안,A053800,안랩,65900
136,정보보안,A054920,한컴위드,4740
136,정보보안,A067160,아프리카TV,58700
136,정보보안,A067920,이글루시큐리티,4730
136,정보보안,A075130,플랜티넷,5300
136,정보보안,A092130,이크레더블,23450
136,정보보안,A136540,윈스,19000
144,슈퍼 박테리아,A014570,고려제약,10700
144,슈퍼 박테리아,A040350,큐로컴,2350
144,슈퍼 박테리아,A042040,케이피엠테크,4040
144,슈퍼 박테리아,A043200,파루,2750
144,슈퍼 박테리아,A048530,인트론바이오,14550
144,슈퍼 박테리아,A072020,중앙백신,17850
144,슈퍼 박테리아,A083790,크리스탈지노믹스,18000
144,슈퍼 박테리아,A100700,세운메디칼,3605
144,슈퍼 박테리아,A102460,이연제약,22000
180,AMOLED 장비,A036930,주성엔지니어링,6960
180,AMOLED 장비,A054620,APS홀딩스,8590
180,AMOLED 장비,A056190,에스에프에이,38200
180,AMOLED 장비,A065130,탑엔지니어링,9600
180,AMOLED 장비,A080000,에스엔유,4160
180,AMOLED 장비,A083930,아바코,8650
180,AMOLED 장비,A088130,동아엘텍,9260
179,AMOLED 소재,A043590,크로바하이텍,1490
179,AMOLED 소재,A051910,LG화학,654000
179,AMOLED 소재,A077360,덕산하이메탈,7260
179,AMOLED 소재,A078600,대주전자재료,44600
179,AMOLED 소재,A096870,엘디티,2425
175,셋톱박스,A035480,,0
175,셋톱박스,A057880,필로시스헬스케어,6960
175,셋톱박스,A058220,아리온,275
175,셋톱박스,A064240,홈캐스트,3370
175,셋톱박스,A078890,가온미디어,6040
175,셋톱박스,A115160,휴맥스,4470
149,2차전지 원료/소재,A003670,포스코케미칼,83800
149,2차전지 원료/소재,A006840,AK홀딩스,17550
149,2차전지 원료/소재,A009830,한화솔루션,38450
149,2차전지 원료/소재,A033160,엠케이전자,10250
149,2차전지 원료/소재,A036490,SK머티리얼즈,227500
149,2차전지 원료/소재,A066970,엘앤에프,41350
149,2차전지 원료/소재,A086520,에코프로,44850
149,2차전지 원료/소재,A093370,후성,9400
149,2차전지 원료/소재,A096770,SK이노베이션,139000
137,블루투스,A052710,아모텍,31200
137,블루투스,A067310,하나마이크론,8700
137,블루투스,A091700,파트론,10150
135,방위산업,A003570,S&T중공업,5150
135,방위산업,A005870,휴니드,5750
135,방위산업,A010820,퍼스텍,2065
135,방위산업,A012450,한화에어로스페이스,25400
135,방위산업,A013810,스페코,8050
135,방위산업,A036640,HRS,3470
135,방위산업,A042670,두산인프라코어,8770
135,방위산업,A065450,빅텍,7160
135,방위산업,A086960,한컴MDS,11700
135,방위산업,A103140,풍산,23800
191,바이오 툴/서비스,A,,0
191,바이오 툴/서비스,A002630,오리엔트바이오,1625
191,바이오 툴/서비스,A011000,진원생명과학,29650
191,바이오 툴/서비스,A028300,에이치엘비,103700
191,바이오 툴/서비스,A038070,서린바이오,12100
191,바이오 툴/서비스,A038290,마크로젠,30650
191,바이오 툴/서비스,A039860,나노엔텍,11250
191,바이오 툴/서비스,A046210,파나진,4875
191,바이오 툴/서비스,A064550,바이오니아,26500
191,바이오 툴/서비스,A066980,브레인콘텐츠,510
191,바이오 툴/서비스,A086040,바이오톡스텍,12950
192,바이오 시밀러,A009420,한올바이오파마,34000
192,바이오 시밀러,A009830,한화솔루션,38450
192,바이오 시밀러,A038290,마크로젠,30650
192,바이오 시밀러,A053030,바이넥스,31150
192,바이오 시밀러,A068270,셀트리온,257500
192,바이오 시밀러,A078160,메디포스트,32500
192,바이오 시밀러,A084990,헬릭스미스,35450
192,바이오 시밀러,A085660,차바이오텍,19050
192,바이오 시밀러,A086890,이수앱지스,7550
192,바이오 시밀러,A086900,메디톡스,211000
192,바이오 시밀러,A095700,제넥신,142800
150,2차전지 부품/패키지,A012340,뉴인텍,2800
150,2차전지 부품/패키지,A047310,파워로직스,6950
150,2차전지 부품/패키지,A091580,상신이디피,12950
150,2차전지 부품/패키지,A093920,서원인텍,6380
189,제대혈,A028300,에이치엘비,103700
189,제대혈,A031390,녹십자셀,40700
189,제대혈,A078160,메디포스트,32500
189,제대혈,A085660,차바이오텍,19050
189,제대혈,A091090,세원셀론텍,2830
189,제대혈,A097950,CJ제일제당,395000
188,줄기세포 등,A031390,녹십자셀,40700
188,줄기세포 등,A034940,조아제약,4960
188,줄기세포 등,A052260,SK바이오랜드,24400
188,줄기세포 등,A053030,바이넥스,31150
188,줄기세포 등,A078160,메디포스트,32500
188,줄기세포 등,A084990,헬릭스미스,35450
188,줄기세포 등,A091090,세원셀론텍,2830
188,줄기세포 등,A095700,제넥신,142800
184,하수처리,A000970,한국주철관,8360
184,하수처리,A003070,코오롱글로벌,18300
184,하수처리,A008970,동양철관,1065
184,하수처리,A009410,태영건설,9890
174,대북송전,A000500,가온전선,21550
174,대북송전,A001440,대한전선,809
174,대북송전,A006340,대원전선,998
174,대북송전,A006910,보성파워텍,2000
174,대북송전,A007610,선도전기,2710
174,대북송전,A010120,LS ELECTRIC,56500
174,대북송전,A017040,광명전기,1870
174,대북송전,A017510,세명전기,3975
174,대북송전,A024810,이화전기,148
174,대북송전,A033100,제룡전기,5330
174,대북송전,A042370,비츠로테크,7940
174,대북송전,A054220,비츠로시스,3875
174,대북송전,A103590,일진전기,2900
171,개성공단,A003240,태광산업,652000
171,개성공단,A007980,태평양물산,1700
171,개성공단,A009270,신원,1435
171,개성공단,A023800,인지컨트롤스,9420
171,개성공단,A025540,한국단자,44950
171,개성공단,A026040,제이에스티나,2230
171,개성공단,A033240,자화전자,13600
171,개성공단,A033340,좋은사람들,1725
171,개성공단,A049630,재영솔루텍,732
164,그린홈 설비,A002380,KCC,146000
164,그린홈 설비,A009450,경동나비엔,52700
164,그린홈 설비,A039020,이건홀딩스,2495
164,그린홈 설비,A044340,위닉스,19550
164,그린홈 설비,A079000,와토스코리아,5290
164,그린홈 설비,A108670,LG하우시스,56500
164,그린홈 설비,A128820,대성산업,3250
159,구제역 백신,A005860,한일사료,1725
159,구제역 백신,A036480,대성미생물,16100
159,구제역 백신,A044960,이글벳,8560
159,구제역 백신,A052670,제일바이오,7650
159,구제역 백신,A054670,대한뉴팜,11900
159,구제역 백신,A060590,씨티씨바이오,7850
159,구제역 백신,A072020,중앙백신,17850
143,연료전지,A004690,삼천리,78300
143,연료전지,A007720,대명소노시즌,1100
143,연료전지,A009450,경동나비엔,52700
143,연료전지,A012340,뉴인텍,2800
143,연료전지,A033290,코웰패션,6150
143,연료전지,A041930,동아화성,9180
143,연료전지,A042110,에스씨디,1110
143,연료전지,A047400,유니온머티리얼,3670
143,연료전지,A095190,이엠코리아,5690
142,수산주,A003960,사조대림,14050
142,수산주,A004970,신라교역,9550
142,수산주,A006040,동원산업,209000
142,수산주,A006090,사조오양,8460
142,수산주,A007160,사조산업,29100
142,수산주,A025870,신라에스지,8420
142,수산주,A030720,동원수산,8850
134,반도체-Fabless,A032580,피델릭스,1350
134,반도체-Fabless,A038880,아이에이,526
134,반도체-Fabless,A048870,시너지이노베이션,4130
134,반도체-Fabless,A052860,아이앤씨,4775
134,반도체-Fabless,A054450,텔레칩스,14250
134,반도체-Fabless,A062860,티엘아이,7260
134,반도체-Fabless,A077280,,0
134,반도체-Fabless,A092600,앤씨앤,4335
134,반도체-Fabless,A093640,다믈멀티미디어,2870
134,반도체-Fabless,A101400,엔시트론,1000
134,반도체-Fabless,A108320,실리콘웍스,44950
131,반도체 소재,A005290,동진쎄미켐,29650
131,반도체 소재,A024850,피에스엠씨,779
131,반도체 소재,A033160,엠케이전자,10250
131,반도체 소재,A036830,솔브레인홀딩스,45650
131,반도체 소재,A057500,SKC 솔믹스,5540
131,반도체 소재,A059090,미코,17800
131,반도체 소재,A064760,티씨케이,95100
131,반도체 소재,A074600,원익QnC,16650
131,반도체 소재,A077360,덕산하이메탈,7260
131,반도체 소재,A087730,에스모 머티리얼즈,2720
131,반도체 소재,A088390,이녹스,8090
131,반도체 소재,A101490,에스앤에스텍,38800
129,반도체 전공정 장비,A009310,참엔지니어링,1260
129,반도체 전공정 장비,A029460,케이씨,23850
129,반도체 전공정 장비,A030530,원익홀딩스,4310
129,반도체 전공정 장비,A031980,피에스케이홀딩스,7110
129,반도체 전공정 장비,A036930,주성엔지니어링,6960
129,반도체 전공정 장비,A039440,에스티아이,15850
129,반도체 전공정 장비,A068790,DMS,9330
129,반도체 전공정 장비,A084370,유진테크,28100
129,반도체 전공정 장비,A095610,테스,25700
49,중국 소비확대,A001800,오리온홀딩스,12150
49,중국 소비확대,A021240,코웨이,79300
49,중국 소비확대,A023530,롯데쇼핑,78500
49,중국 소비확대,A024720,한국콜마홀딩스,26800
49,중국 소비확대,A044820,코스맥스비티아이,19250
49,중국 소비확대,A051900,LG생활건강,1448000
49,중국 소비확대,A078520,에이블씨엔씨,7490
49,중국 소비확대,A084870,TBH글로벌,1665
49,중국 소비확대,A090430,아모레퍼시픽,164000
49,중국 소비확대,A093050,LF,13400
53,바이오 에너지,A000890,보해양조,900
53,바이오 에너지,A006120,SK디스커버리,63900
53,바이오 에너지,A036670,KCI,10700
53,바이오 에너지,A042940,상지카일룸,1435
53,바이오 에너지,A137950,제이씨케미칼,5910
51,태양광 발전,A002380,KCC,146000
51,태양광 발전,A004800,효성,73000
51,태양광 발전,A009540,한국조선해양,82700
51,태양광 발전,A009830,한화솔루션,38450
51,태양광 발전,A010120,LS ELECTRIC,56500
51,태양광 발전,A036930,주성엔지니어링,6960
51,태양광 발전,A066570,LG전자,91700
